Company,Bond_ID,Issue_Date,Maturity_Date,Coupon_Rate,Face_Value,Market_Price,Credit_Rating,Yield_to_Maturity,Liquidity_Score,ESG_Score,Trading_Volume,Bid_Ask_Spread,Market_Cap,Debt_to_Equity,Sector,Issuer_ID
SX-TechCorp,BOND_000_00,2020-01-15,2025-01-15,4.2,10000,9850.50,AA,4.8,85.2,78.5,45000,0.08,5000000000,0.8,Technology,550e8400-e29b-41d4-a716-446655440000
SX-DataFlow,BOND_001_00,2019-06-20,2029-06-20,5.1,25000,23800.75,A+,5.8,72.3,75.2,32000,0.12,3200000000,1.2,Technology,6ba7b810-9dad-11d1-80b4-00c04fd430c8
SX-CloudSync,BOND_002_00,2021-03-10,2031-03-10,4.8,50000,47250.25,AA-,5.2,78.9,76.8,28000,0.15,2800000000,0.9,Technology,6ba7b811-9dad-11d1-80b4-00c04fd430c8
SX-AINexus,BOND_003_00,2020-08-05,2028-08-05,4.5,10000,9750.00,A,4.9,82.1,79.2,38000,0.09,3800000000,0.7,Technology,6ba7b812-9dad-11d1-80b4-00c04fd430c8
SX-CyberShield,BOND_004_00,2021-11-12,2031-11-12,5.2,25000,24100.50,BBB+,6.1,68.7,72.1,22000,0.18,2200000000,1.4,Technology,6ba7b813-9dad-11d1-80b4-00c04fd430c8
SX-GlobalBank,BOND_005_00,2019-12-01,2027-12-01,3.8,10000,9900.25,AAA,3.9,92.5,82.3,65000,0.05,8000000000,0.6,Finance,6ba7b814-9dad-11d1-80b4-00c04fd430c8
SX-InvestmentCorp,BOND_006_00,2020-04-18,2030-04-18,4.6,25000,24200.75,A,4.8,80.2,78.9,42000,0.11,4200000000,0.8,Finance,6ba7b815-9dad-11d1-80b4-00c04fd430c8
SX-CreditUnion,BOND_007_00,2021-07-22,2026-07-22,3.9,10000,9850.00,AA+,4.1,88.7,81.5,58000,0.06,5800000000,0.5,Finance,6ba7b816-9dad-11d1-80b4-00c04fd430c8
SX-AssetManagement,BOND_008_00,2020-10-30,2032-10-30,5.0,50000,47500.50,A-,5.5,75.6,76.2,35000,0.14,3500000000,1.1,Finance,6ba7b817-9dad-11d1-80b4-00c04fd430c8
SX-InsuranceCo,BOND_009_00,2019-09-14,2029-09-14,4.3,25000,24300.25,AA,4.6,79.8,79.8,39000,0.10,3900000000,0.7,Finance,6ba7b818-9dad-11d1-80b4-00c04fd430c8
SX-SolarPower,BOND_010_00,2021-01-08,2031-01-08,5.5,10000,9400.75,BBB,6.2,65.4,68.9,18000,0.22,1800000000,1.6,Energy,6ba7b819-9dad-11d1-80b4-00c04fd430c8
SX-WindEnergy,BOND_011_00,2020-05-25,2030-05-25,5.1,25000,23500.50,BBB+,5.9,70.2,71.5,25000,0.16,2500000000,1.3,Energy,6ba7b81a-9dad-11d1-80b4-00c04fd430c8
SX-NuclearCorp,BOND_012_00,2019-11-03,2035-11-03,6.2,50000,46000.25,BB+,7.8,58.9,62.1,12000,0.35,1200000000,2.1,Energy,6ba7b81b-9dad-11d1-80b4-00c04fd430c8
SX-HydroElectric,BOND_013_00,2020-12-17,2028-12-17,4.4,10000,9700.00,A,4.7,81.5,77.8,31000,0.13,3100000000,0.9,Energy,6ba7b81c-9dad-11d1-80b4-00c04fd430c8
SX-Geothermal,BOND_014_00,2021-06-09,2031-06-09,5.3,25000,23800.75,BBB,6.0,69.8,70.2,20000,0.20,2000000000,1.5,Energy,6ba7b81d-9dad-11d1-80b4-00c04fd430c8
SX-HeavyMachinery,BOND_015_00,2020-02-28,2030-02-28,5.2,10000,9300.50,BBB,6.1,66.7,69.8,19000,0.24,1900000000,1.7,Industrial,6ba7b81e-9dad-11d1-80b4-00c04fd430c8
SX-Aerospace,BOND_016_00,2019-08-11,2029-08-11,4.7,25000,24000.25,A-,5.1,77.3,75.9,33000,0.12,3300000000,1.0,Industrial,6ba7b81f-9dad-11d1-80b4-00c04fd430c8
SX-Automotive,BOND_017_00,2021-04-05,2031-04-05,5.4,50000,47000.00,BBB+,6.3,71.5,72.8,27000,0.17,2700000000,1.4,Industrial,6ba7b820-9dad-11d1-80b4-00c04fd430c8
SX-Shipbuilding,BOND_018_00,2020-07-16,2032-07-16,5.8,25000,23000.75,BB,7.2,61.2,65.4,15000,0.28,1500000000,1.9,Industrial,6ba7b821-9dad-11d1-80b4-00c04fd430c8
SX-Construction,BOND_019_00,2019-10-22,2027-10-22,4.1,10000,9800.00,A,4.4,83.9,78.1,36000,0.11,3600000000,0.8,Industrial,6ba7b822-9dad-11d1-80b4-00c04fd430c8
SX-RetailChain,BOND_020_00,2020-06-03,2028-06-03,4.2,10000,9750.25,A,4.6,80.7,76.5,34000,0.12,3400000000,0.9,Consumer Goods,6ba7b823-9dad-11d1-80b4-00c04fd430c8
SX-FoodBrand,BOND_021_00,2021-02-14,2031-02-14,4.9,25000,23800.50,A-,5.3,75.8,74.2,29000,0.15,2900000000,1.2,Consumer Goods,6ba7b824-9dad-11d1-80b4-00c04fd430c8
SX-BeverageCo,BOND_022_00,2019-12-08,2029-12-08,4.0,10000,9850.75,AA,4.2,87.3,80.1,52000,0.07,5200000000,0.6,Consumer Goods,6ba7b825-9dad-11d1-80b4-00c04fd430c8
SX-ClothingBrand,BOND_023_00,2020-09-19,2030-09-19,5.0,25000,24000.00,BBB+,5.7,72.1,73.5,26000,0.16,2600000000,1.3,Consumer Goods,6ba7b826-9dad-11d1-80b4-00c04fd430c8
SX-ElectronicsRetail,BOND_024_00,2021-05-27,2026-05-27,3.7,10000,9900.50,AA+,3.8,90.2,81.8,61000,0.05,6100000000,0.5,Consumer Goods,6ba7b827-9dad-11d1-80b4-00c04fd430c8
SX-HospitalChain,BOND_025_00,2020-03-12,2030-03-12,4.5,10000,9700.25,A,4.8,79.6,78.9,32000,0.13,3200000000,0.8,Healthcare,6ba7b828-9dad-11d1-80b4-00c04fd430c8
SX-Pharmaceutical,BOND_026_00,2019-07-25,2029-07-25,4.1,25000,24200.00,AA,4.4,82.7,79.5,41000,0.09,4100000000,0.7,Healthcare,6ba7b829-9dad-11d1-80b4-00c04fd430c8
SX-Biotech,BOND_027_00,2021-01-30,2031-01-30,5.6,50000,46500.75,BBB,6.5,68.9,71.8,21000,0.21,2100000000,1.5,Healthcare,6ba7b82a-9dad-11d1-80b4-00c04fd430c8
SX-MedicalDevice,BOND_028_00,2020-11-08,2028-11-08,4.3,10000,9750.50,A,4.6,81.2,77.6,35000,0.11,3500000000,0.9,Healthcare,6ba7b82b-9dad-11d1-80b4-00c04fd430c8
SX-HealthInsurance,BOND_029_00,2019-05-17,2027-05-17,3.9,25000,24300.25,AA+,4.1,86.4,80.7,48000,0.07,4800000000,0.6,Healthcare,6ba7b82c-9dad-11d1-80b4-00c04fd430c8
